{"cameraMode":{"drawMode":0,"name":"Shaded","section":"Shading Mode"},"sceneLighting":false,"audioPlay":false,"sceneViewState":{"showFog":false,"showMaterialUpdate":false,"showSkybox":false,"showFlares":false,"showImageEffects":true,"showParticleSystems":true},"in2DMode":false,"pivot":{"x":0.030000045895576478,"y":1.5,"z":26.110000610351564},"rotation":{"x":0.18392537534236909,"y":-0.7783939838409424,"z":0.2660965323448181,"w":0.5380268692970276},"size":1.2247449159622193,"orthographic":true}